"","Sample_ID","campaign","camp_date","site_id","EC","pH","Group","doc_mgL","dic_mgL","date","Sr","Suva254","Mn_mgL","Ni_mgL","As_mgL","Cd_mgL","Pb_mgL","Fe_mgL","Al_mgL","Cu_mgL","Zn_mgL","Durchfluss"
"1","ASA2_09",9,2022-05-16,"ASA2",546,3.44,"May",1.99,0.8,2022-05-16,2.476804,2.23355583105118,1.16344302402491,0.0248527563010011,0.571673461061375,0.128566484958764,2.09858685272947,24.6353432865906,2.4933857764681,0.374736033416262,12.1839296959672,0.116745596266667
"2","ASA3_09",9,2022-05-17,"ASA3",578,3.38,"May",1.72,0.859,2022-05-17,2.226243,1.84849368962947,0.747497599852898,0.0200036006440512,0.190031574401722,0.0954582498941565,1.14269703541055,7.44213058733254,1.7839972906416,0.241808809080254,9.47334566150348,0.110837170633333
"3","ASA4_09",9,2022-05-18,"ASA4",611,3.32,"May",1.72,0.917,2022-05-18,2.023364,1.6926133097302,0.744375899769091,0.0188435647379247,0.102546392345516,0.0939840979594096,1.01889883031722,4.71008485151492,1.79526952005717,0.241537571432713,9.23378240716555,0.108621996633333
"4","ASA5_09",9,2022-05-19,"ASA5",643,3.26,"May",2.01,0.976,2022-05-19,2.190698,1.74097200267239,0.756354244417481,0.0196404061317162,0.130837374045585,0.0940666275245168,1.04007746736621,6.74739132293963,1.87054337942854,0.244578377851702,9.37441815164705,0.1102994708
"5","ASA6_09",9,2022-05-20,"ASA6",676,3.21,"May",1.61,1.03,2022-05-20,1.921148,1.65446742551253,0.752970067993514,0.0200022865368457,0.0675503430780237,0.0917826601926608,0.996087810344177,3.98891147964281,1.82147255720965,0.240939555472754,9.40216098685726,0.110326835733333
"6","ASA7_09",9,2022-05-21,"ASA7",708,3.15,"May",1.71,1.09,2022-05-21,1.898321,1.61657764401515,0.768160497537975,0.0228792691854192,0.0752696590750988,0.0928478896669992,0.99960347372473,3.73259883698896,1.88244887712,0.248499669703474,9.612496658845,0.111683146333333
"7","ASA8_09",9,2022-05-22,"ASA8",741,3.09,"May",1.68,1.15,2022-05-22,1.810457,1.6491351931604,0.780496758670024,0.0199252288274695,0.0758866324814191,0.0964261488563279,1.02167973457088,4.00044927330293,1.861777657964,0.24663568136364,9.94861241540037,0.110268732733333
"8","ASA10_09",9,2022-05-23,"ASA10",773,3.03,"May",1.43,1.21,2022-05-23,1.963308,1.67942179710616,0.78058328333652,0.0186957160836414,0.0569058197331615,0.0940037750766104,1.02178801849631,3.58748771730495,1.85624230267273,0.242546820050941,9.84543456757365,0.1142165146
"9","ASA11_09",9,2022-05-24,"ASA11",734,3.1,"May",1.6,1.21,2022-05-24,1.838149,1.67338525963611,0.815666563721366,0.0198617747007664,0.0846174618670478,0.0974640048245087,1.06240656735443,3.95250523911485,1.87815576378866,0.244034914606066,9.92590121842045,0.1160663593
"10","ASA12_09",9,2022-05-25,"ASA12",694,3.17,"May",1.84,1.22,2022-05-25,1.834397,1.64941381031953,0.811972326698862,0.0197432115387778,0.0846989170564261,0.0999078565381912,1.04328566917708,4.46732165728379,1.91083184854841,0.248376542357927,10.325862637214,0.1076864665
"11","ASA13_09",9,2022-05-26,"ASA13",655,3.24,"May",1.71,1.22,2022-05-26,1.878036,1.73438728945366,0.825395199161688,0.0195531818765442,0.105285130057171,0.100994879994972,1.05927651239927,5.16354193902263,1.96099063432477,0.256203472372298,10.3956515897182,0.105040678133333
"12","ASA14_09",9,2022-05-27,"ASA14",615,3.31,"May",1.7,1.23,2022-05-27,1.79596,1.71628932375113,0.83514014826052,0.0193438854694555,0.080281010527694,0.100327298128032,1.0567883664054,4.10476122967655,1.9549455111655,0.256231710649525,10.6435997753551,0.104781584433333
"13","ASA15_09",9,2022-05-28,"ASA15",576,3.38,"May",2.07,1.23,2022-05-28,1.854114,1.64500469141448,0.853527753668659,0.0236708128102067,0.0783849666375131,0.103334573364223,1.09597696266165,4.67447021768751,2.02726217493912,0.261216899808351,10.9018456827076,0.103235597533333
"14","ASA16_09",9,2022-05-29,"ASA16",536,3.45,"May",1.59,1.24,2022-05-29,1.703135,1.65491218840092,0.860368757645165,0.0208528939734392,0.0571885849624496,0.10485122617232,1.08163845643864,3.50703398497567,1.99687221655742,0.260211080154601,11.0667050139406,0.1034369612
"15","ASA18_09",9,2022-05-30,"ASA18",497,3.52,"May",1.55,1.24,2022-05-30,1.760536,1.70852068236547,0.857082407612102,0.0206467456672442,0.0707431869164525,0.103281763230031,1.08120655029999,4.104086156816,2.04090528166829,0.26110469039396,10.9059407276132,0.1022778969
"16","ASA19_09",9,2022-05-31,"ASA19",501,3.51,"May",1.72,1.09,2022-05-31,1.769227,1.67967694127319,0.883621480288617,0.0207365766616912,0.0957264000297502,0.105967540787207,1.08214530341673,4.63815220789228,2.10401794486357,0.263514145930773,11.0184307531142,0.0990911023
"17","ASA20_09",9,2022-06-01,"ASA20",506,3.51,"June",1.66,0.931,2022-06-01,1.72416,1.61494229924139,0.898103851217411,0.0204292775040349,0.0549277914003853,0.1072262692578,1.0975250435626,3.46538673754072,2.09613436153201,0.26972135630413,11.359957490822,0.0979550178
"18","ASA21_09",9,2022-06-02,"ASA21",510,3.5,"June",1.56,0.777,2022-06-02,1.794071,1.68212041958226,0.926546999172425,0.0223181062062465,0.071853548926765,0.108947369453932,1.09632405673124,3.83644382280095,2.17204393071445,0.27769898113464,11.4894054605824,0.0937928438
"19","ASA22_09",9,2022-06-03,"ASA22",514,3.5,"June",1.62,0.623,2022-06-03,1.804497,1.69709506516903,0.92433659357591,0.0203389769900641,0.0649992095254326,0.109089299773552,1.1135756900616,4.15587285953099,2.1829649367847,0.282365759506153,11.7346439695481,0.0938622382
"20","ASA23_09",9,2022-06-04,"ASA23",518,3.49,"June",2.32,0.469,2022-06-04,1.77847,1.49566764206622,0.941820268952835,0.0219879997327538,0.0730999653270355,0.111329418498913,1.1253739445969,4.06186559517578,2.29763115287318,0.282613175618091,11.784800589693,0.0921750785666667
"21","ASA24_09",9,2022-06-05,"ASA24",523,3.49,"June",1.74,0.314,2022-06-05,1.823724,1.65181625851901,0.953075934322492,0.0212101520799186,0.070663554818089,0.114266839111316,1.14897158524922,4.40934535872548,2.23609374637011,0.284061130224898,11.9724896631567,0.0895716485
"22","ASA2_11",11,2022-06-07,"ASA2",527,3.48,"June",1.23,0.16,2022-06-07,2.338845,0.33634146,0.924720588628741,0.0201701247041145,0.174984064568812,0.117291195248839,1.17131668134334,5.58584076898928,2.23341367985069,0.296176338613246,11.3193657198034,0.089719179
"23","ASA3_11",11,2022-06-08,"ASA3",728,3.37,"June",1.33,0.161,2022-06-08,2.361415,0.31105263,0.888733103617978,0.0201232887652096,0.157629313382131,0.113579858881989,1.11188655080724,5.92381583218388,2.14185459854407,0.279387428344696,11.0363807357943,0.100825741766667
"24","ASA4_11",11,2022-06-09,"ASA4",928,3.26,"June",1.45,0.163,2022-06-09,2.236287,0.29206897,0.903377063825331,0.0202115280818892,0.147249072010817,0.115166095581836,1.09181860327789,5.19552104400804,2.14326135683651,0.280549835308829,11.1797288309998,0.0934974301333333
"25","ASA5_11",11,2022-06-10,"ASA5",1129,3.15,"June",1.59,0.164,2022-06-10,1.918929,0.23893082,0.916849388349412,0.0197745739165471,0.14834818121343,0.117105378720425,1.07552855751592,5.29197593987184,2.18948225237445,0.289028351581033,11.2520683849235,0.0554530844666667
"26","ASA6_11",11,2022-06-11,"ASA6",1330,3.04,"June",1.99,0.166,2022-06-11,3.218488,2.57768844,2.7509309912907,0.0336262343045305,0.923547517879991,0.313371875949061,1.25691224911422,41.5473203153917,7.51542268652822,1.0159367324753,32.0060895077646,0.0546653852666667
"27","ASA7_11",11,2022-06-12,"ASA7",1531,2.93,"June",2.01,0.167,2022-06-12,3.349384,1.26159204,4.16344222388322,0.0470853613009813,0.678995479204115,0.456828024752304,1.22814884849721,42.2814404678024,11.9832174140728,1.65781218082954,47.8844383800595,0.0553005047
"28","ASA8_11",11,2022-06-13,"ASA8",1731,2.82,"June",2.76,0.169,2022-06-13,3.881966,0.92565217,7.11288800467747,0.0706464935888852,1.49470854940525,0.778631277912282,1.23689346665546,94.6084495832557,20.8053822302312,2.99244168046254,80.9171815810971,0.0575133690666667
"29","ASA10_11",11,2022-06-14,"ASA10",1932,2.71,"June",2.88,0.17,2022-06-14,4.489052,1.77788194,8.35800358017168,0.0809088362808085,1.90660400563037,0.928695504414447,1.22240405601933,124.967185633946,24.5453297400694,3.58009613409534,96.4344284060536,0.0529461111666667
"30","ASA11_11",11,2022-06-15,"ASA11",2055,2.7,"June",3.67,0.169,2022-06-15,3.608667,1.38915531,12.8678431823579,0.117846049830482,3.52396519145427,1.44227531461373,1.20051833194842,223.651127335734,38.6222320696583,5.80771525643892,155.403908832545,0.0561687086666667
"31","ASA12_11",11,2022-06-16,"ASA12",2177,2.68,"June",3.65,0.167,2022-06-16,3.407352,1.3990137,13.5972380346261,0.124857577214991,4.17604980411677,1.54691710963273,1.12124404841817,257.295512005326,40.8704651042324,6.20603239847055,170.280757234956,0.0577268698333333
"32","ASA13_11",11,2022-06-17,"ASA13",2299,2.67,"June",3.55,0.166,2022-06-17,3.247178,0.11653521,16.0026554756094,0.148063982634117,4.9177660473363,1.83539224093159,1.11706458921466,307.059362241229,48.5082932801797,7.5637633993603,195.644107247432,0.0499808979
"33","ASA14_11",11,2022-06-18,"ASA14",2422,2.65,"June",3.57,0.164,2022-06-18,3.243541,1.43022409,16.6472689085505,0.150410417003606,5.14958410437664,1.91438430506273,1.10269588769309,310.84187345532,49.7244698601197,7.77976263006954,195.94496298757,0.0545144968666667
"34","ASA15_11",11,2022-06-19,"ASA15",2545,2.64,"June",3.69,0.163,2022-06-19,3.166636,1.38132791,17.3593811578326,0.157946317191913,5.60622354342072,2.01530564819479,1.06254966010396,346.717610311958,53.3105130937549,8.37126480055847,216.940083512527,0.0823486697333333
"35","ASA16_11",11,2022-06-20,"ASA16",2667,2.62,"June",3.84,0.161,2022-06-20,3.098288,1.33338542,19.4782203974675,0.174158844440107,6.39185174425358,2.25161725412761,1.0563772765517,421.852769695035,59.3375780486339,9.30743631953426,258.841184976275,0.0794346896666667
"36","ASA18_11",11,2022-06-21,"ASA18",2790,2.61,"June",3.49,0.16,2022-06-21,3.157257,1.46979943,17.9391906380779,0.161347809207189,5.78813769330984,2.07277506650243,1.06759086489808,358.432039509614,53.4807766086123,8.50072047120658,223.244078979623,0.0545789024
"37","ASA19_11",11,2022-06-22,"ASA19",2467,2.59,"June",4.09,0.171,2022-06-22,3.015718,1.25080685,22.3835550193302,0.202551048145914,7.57287015259953,2.5849398881738,1.02882114876552,455.576683968454,68.1856341204643,10.8118908142996,274.961517450143,0.0639961396
"38","ASA20_11",11,2022-06-23,"ASA20",2144,2.57,"June",4.33,0.181,2022-06-23,2.941531,0.09554273,24.907746040437,0.225655218486999,8.58258510834735,2.89831226834017,1.05377340381057,518.564943173761,76.42717399052,12.1364866709804,313.152004680118,0.0554391151
"39","ASA21_11",11,2022-06-24,"ASA21",1821,2.55,"June",4.61,0.192,2022-06-24,2.925819,1.1083731,26.7504961592018,0.240183871108792,9.5227954648293,3.14579453842497,1.06539828148085,589.881415543882,82.3115415014059,13.0616120233633,348.673285091551,0.0671642087333333
"40","ASA22_11",11,2022-06-25,"ASA22",1499,2.52,"June",4.82,0.202,2022-06-25,2.893778,1.05771784,27.8024820787273,0.252152290122511,10.0634345464036,3.2571470552989,1.02946314757596,619.854490763578,87.3643537817934,13.8651151269601,356.007059506246,0.0572316957666667
"41","ASA23_11",11,2022-06-26,"ASA23",1176,2.5,"June",5.24,0.213,2022-06-26,2.874867,0.97641221,29.8691685356523,0.270840303636073,11.0076477210025,3.5547613868193,1.05288473184358,633.837167602885,93.6207643547474,14.763682233499,363.083654424188,0.0541979831
"42","ASA24_11",11,2022-06-27,"ASA24",853,2.48,"June",6.13,0.223,2022-06-27,2.808454,0.06748777,33.1250004920574,0.298838729574622,12.6409792281068,3.94196734638014,1.02584332447333,736.35923372098,107.053019188345,16.8281181015143,421.98874579329,0.0554864683333333
"43","ASA2_15",15,2022-06-28,"ASA2",530,2.46,"June",6.1,0.234,2022-06-28,2.812215,0.84136066,34.570338190679,0.302592072193582,14.095608510584,4.11067443444734,1.11296305328413,865.901064492019,122.998603517946,17.4729797070519,506.576471396479,0.0500385947666667
"44","ASA3_15",15,2022-06-29,"ASA3",731,2.46,"June",4.79,0.238,2022-06-29,2.973972,1.07131524,25.4370978655293,0.230681410002315,8.64983350290805,2.93139604978477,1.13354230235065,579.81868891618,87.3559457177695,12.3543128937556,370.036118288742,0.0569080492
"45","ASA4_15",15,2022-06-30,"ASA4",931,2.45,"June",4.34,0.242,2022-06-30,3.009887,1.17652074,24.2644017885152,0.215862966938634,7.92037387563439,2.77022533749528,1.07575060984466,522.856671695541,77.4307948913341,11.5783587318649,338.318739770937,0.0905750724333333
"46","ASA5_15",15,2022-07-01,"ASA5",1132,2.45,"July",4.35,0.246,2022-07-01,2.949745,1.17921839,26.6495774254716,0.237605127614737,8.80327828156725,3.10638269247741,1.05612225385623,573.714940132111,85.0978318854892,12.8640916737906,386.438522312445,0.0582751569666667
"47","ASA6_15",15,2022-07-02,"ASA6",1333,2.44,"July",4.65,0.251,2022-07-02,2.913697,0.08896774,28.0779641567234,0.253548466645283,9.45039911042737,3.24040740912828,1.03558217579018,624.671150750536,92.3065359887828,13.856204921191,423.905793346432,0.0464722060333333
"48","ASA7_15",15,2022-07-03,"ASA7",1534,2.44,"July",5.03,0.255,2022-07-03,2.892585,0.08224652,30.3851029522971,0.275847672479341,10.351133312409,3.55402231089674,1.04561336380609,681.701526373001,101.244548211509,15.1167074539143,447.658588112695,0.0511004193333333
"49","ASA8_15",15,2022-07-04,"ASA8",1734,2.43,"July",5.09,0.259,2022-07-04,2.862507,0.08127701,32.2415125809819,0.288021571942092,11.0448895959897,3.73664572335034,1.04002910997025,733.377600594702,107.112970938718,15.7530932971656,413.211688149274,0.0517020537666667
"50","ASA10_15",15,2022-07-05,"ASA10",1935,2.43,"July",5.01,0.263,2022-07-05,2.88023,0.08257485,30.2913138080167,0.269315873703296,10.8417972746377,3.55193697328312,1.10769333282488,678.084178442618,95.9700119483631,14.8366340662952,446.696164744439,0.0517289121333333
"51","ASA11_15",15,2022-07-06,"ASA11",2060,2.43,"July",4.96,0.26,2022-07-06,2.853304,0.08538306,31.6696791134295,0.286997613239435,10.9697321364502,3.68212732766597,1.00786237402477,727.594541183422,104.016403299889,15.9286745568032,434.629998518473,0.0496839776666667
"52","ASA12_15",15,2022-07-07,"ASA12",2185,2.43,"July",4.93,0.257,2022-07-07,2.876848,0.08590264,31.0060863319621,0.282024951590679,10.5891891977915,3.60195942380023,1.02293081130369,701.055278326773,99.5831527858229,15.5935566746565,456.673686238076,0.0521271988
"53","ASA13_15",15,2022-07-08,"ASA13",2310,2.43,"July",5.15,0.254,2022-07-08,2.831618,0.0803301,33.5998155994267,0.304716425817213,11.5152485098009,3.94913412842755,1.01441368203658,742.044353154458,105.746945007575,16.9549163731953,398.521487655608,0.0496643457666667
"54","ASA14_15",15,2022-07-09,"ASA14",2435,2.43,"July",4.77,0.251,2022-07-09,2.893356,0.08878407,29.6503004955583,0.26777822025216,10.0207416028778,3.47542121726923,1.00504138883887,645.037978490061,94.8838363709427,14.8459565630076,400.62263608945,0.0497454714666667
"55","ASA15_15",15,2022-07-10,"ASA15",2560,2.43,"July",4.71,0.248,2022-07-10,2.876128,0.08991507,30.6179667271025,0.273374558131036,10.3526513631984,3.56064947106364,0.98662689305013,676.76450645106,99.8826659075153,15.2446486439434,415.941821090536,0.0506148232
"56","ASA16_15",15,2022-07-11,"ASA16",2685,2.43,"July",4.99,0.245,2022-07-11,2.871846,1.02835671,31.6879300107988,0.28419786463893,10.7133856879617,3.6777761573185,0.966084200702256,728.865511208361,107.513875897188,15.7763921541926,446.779541396812,0.0494852308666667
"57","ASA18_15",15,2022-07-12,"ASA18",2810,2.43,"July",4.55,0.242,2022-07-12,2.891952,0.09307692,29.424963260794,0.262885788346493,10.1238326398401,3.43520152037504,1.01169272584728,665.821104464188,93.5353856062871,14.523856426486,405.692682735944,0.0492021129333333
"58","ASA19_15",15,2022-07-13,"ASA19",2949,2.45,"July",5.14,0.245,2022-07-13,2.823113,0.082393,35.1132775309834,0.310609105219353,12.0449134527956,4.11007134315456,0.973558880965505,823.817965139116,115.415051884848,17.4753720309651,494.270784386937,0.0496767224333333
"59","ASA20_15",15,2022-07-14,"ASA20",3088,2.47,"July",5.4,0.249,2022-07-14,2.822108,0.07842593,34.4986468180547,0.308275830196565,11.9767225737542,4.02294070745355,0.944892974637329,809.53384401699,115.015910410164,17.4613193331894,482.556668248503,0.0511136383333333
"60","ASA21_15",15,2022-07-15,"ASA21",3226,2.49,"July",5.48,0.252,2022-07-15,2.807616,0.07728102,35.6199120201843,0.320927285282548,12.4382332755149,4.15451754223182,0.965110593306486,866,117,18.2902494269998,542,0.0487680061333333
"61","ASA22_15",15,2022-07-16,"ASA22",3364,2.5,"July",5.6,0.256,2022-07-16,2.794342,0.06783929,36.6289749308279,0.329425368514819,12.7884048943394,4.30329762273532,0.966925962447495,865.182953899854,120.505143361427,18.9176186700952,514.629737374397,0.0504097111666667
"62","ASA23_15",15,2022-07-17,"ASA23",3503,2.52,"July",5.54,0.259,2022-07-17,2.786169,0.06857401,36.7797072747148,0.328159346679574,12.7621544509073,4.35381024394255,0.97442517415293,870.27671327576,123.788799858988,18.5867561548048,518.521108573881,0.0464719070666667
"63","ASA24_15",15,2022-07-18,"ASA24",3641,2.54,"July",5.43,0.263,2022-07-18,2.789027,0.07618785,36.9573113865436,0.327778167104618,12.8662765566126,4.40222880254412,0.966356655891003,882.083257729504,122.025210484583,18.7451250633824,522.377250414879,0.0469240208666667
"64","ASA2_16",16,2022-07-19,"ASA2",3780,2.56,"July",4.33,0.266,2022-07-19,2.869118,0.01180139,33.4077658286182,0.296988560042339,8.33396174237041,3.94791414718713,0.967942389102424,764.343425810924,109.125293377327,16.9032700463405,478.408982802165,0.0484223396666667
"65","ASA3_16",16,2022-07-20,"ASA3",3730,2.57,"July",4.79,0.263,2022-07-20,3.003994,0.01066806,22.9451837070215,0.210676791254906,7.24192246890798,2.71149815774628,1.15564113880329,584.686853715171,72.5176446559516,11.1597790437575,324.779044879748,0.047079148
"66","ASA4_16",16,2022-07-21,"ASA4",3680,2.57,"July",3.94,0.26,2022-07-21,2.991224,0.01296954,25.2164083866786,0.227810412903442,6.37854732304496,2.98066451992858,1.04811121537038,575.953609196816,81.3809889608266,12.2281381901838,356.581733772144,0.0471534407333333
"67","ASA5_16",16,2022-07-22,"ASA5",3630,2.58,"July",3.77,0.257,2022-07-22,3.03101,0.01355438,24.5907522763957,0.223440262813183,5.88834251550111,2.88843501103701,0.992619702082165,549.985539950445,80.7375812602094,12.0841341168051,351.241107795516,0.0465427062
"68","ASA6_16",16,2022-07-23,"ASA6",3580,2.69,"July",4.21,0.254,2022-07-23,2.946056,0.01213777,27.1601013203505,0.244794124913581,6.63490270257613,3.22821337606141,0.993445159212119,626.564527517148,89.8826245923638,13.413786790127,392.96611017056,0.0480976366333333
"69","ASA7_16",16,2022-07-24,"ASA7",3530,2.6,"July",4.15,0.251,2022-07-24,2.964876,0.01231325,27.4116531565087,0.245656236562841,6.24767805719497,3.23385939483659,0.955884688522821,619.34435108844,90.851177373571,13.6029597723865,396.144941292993,0.0460537308333333
"70","ASA8_16",16,2022-07-25,"ASA8",3480,2.6,"July",4.38,0.248,2022-07-25,2.934915,0.01166667,27.7608041597025,0.249004259554185,6.34315598711386,3.25628130278983,0.928458878304328,636.172982578618,94.2407017942805,13.9874392721705,406.920245890188,0.0476912614333333
"71","ASA10_16",16,2022-07-26,"ASA10",3430,2.61,"July",3.75,0.245,2022-07-26,3.027405,0.01362667,25.0037750946736,0.220627584072261,5.90902742768912,2.94114476540528,1.02417700395271,578.743964648674,82.9013812100493,12.3543527642713,363.002666182117,0.0477172411
"72","ASA11_16",16,2022-07-27,"ASA11",3481,2.61,"July",4.01,0.25,2022-07-27,2.940406,0.01274314,29.0156238930811,0.261571058717052,6.69888907115457,3.4167588266292,0.95837156646884,656.507154762328,95.531953923989,14.5860200157546,419.116394006956,0.0464468666333333
"73","ASA12_16",16,2022-07-28,"ASA12",3533,2.61,"July",4.34,0.256,2022-07-28,2.909768,0.04518433,29.7115482227414,0.265575561734531,6.78969917556054,3.49220938275908,0.951983696877037,664.616845702288,97.9037165301401,14.9687930872473,426.43802877244,0.0450409925
"74","ASA13_16",16,2022-07-29,"ASA13",3584,2.61,"July",4.74,0.261,2022-07-29,2.890371,0.04137131,32.005196337759,0.286830289343294,7.3555500531156,3.76049402040385,0.955100151623423,715.362169460616,105.616930373108,16.118313184905,458.811456005812,0.0458010329333333
"75","ASA14_16",16,2022-07-30,"ASA14",3636,2.6,"July",4.8,0.266,2022-07-30,2.891513,0.01064583,32.3624280170392,0.287208768223884,7.49239214815501,3.81514622245508,0.983106825752698,717.78022449536,104.650017889391,16.0656554095594,459.196330872867,0.0458573347333333
"76","ASA15_16",16,2022-07-31,"ASA15",3687,2.6,"July",4.74,0.271,2022-07-31,2.88445,0.04137131,33.070691603949,0.298264975913962,7.75915573666266,3.89748113318939,0.948586951177644,745.439537029453,108.188346913774,16.6913841712492,477.966872687643,0.0444817197666667
"77","ASA16_16",16,2022-08-01,"ASA16",3739,2.6,"Aug",4.65,0.277,2022-08-01,2.865814,0.10905376,34.1513414525101,0.308446692081118,8.00875425350808,4.06807139758009,0.965065568874036,758.978348361444,111.699004043284,17.0728012922379,486.349337731512,0.0456490380333333
"78","ASA18_16",16,2022-08-02,"ASA18",3790,2.6,"Aug",4.24,0.282,2022-08-02,2.899789,0.18709906,32.0541839582864,0.283800408430949,7.7083151703088,3.7926885854013,1.00377391200551,702.601068822483,100.029588776465,15.8006426293444,443.887121391684,0.0435129105333333
"79","ASA19_16",16,2022-08-03,"ASA19",3827,2.6,"Aug",4.71,0.278,2022-08-03,2.860336,0.04163482,34.3968766480157,0.314947335684005,8.22093813152879,4.0902930881937,0.976482380690448,770.205243964816,111.090708207302,17.3568501885652,493.504241988759,0.0440129312333333
"80","ASA20_16",16,2022-08-04,"ASA20",3864,2.59,"Aug",4.72,0.273,2022-08-04,2.854082,0.04154661,35.1403667278229,0.315227626519495,8.19458413286978,4.14804041098812,0.97003349586238,765.435832395158,111.377475974415,17.4021871306845,489.618589348905,0.0441584494333333
"81","ASA21_16",16,2022-08-05,"ASA21",3901,2.59,"Aug",4.88,0.269,2022-08-05,2.854645,0.32928279,34.9875655308288,0.316565920672994,8.2798923259414,4.15232868034378,0.996742781503585,784.724034775408,114.044701820597,17.4790566116826,501.736740371735,0.0443269984666667
"82","ASA22_16",16,2022-08-06,"ASA22",3938,2.58,"Aug",4.74,0.264,2022-08-06,2.836081,0.02723629,35.7753323334337,0.324123637894493,8.37530478122415,4.21199806738531,0.968347904755449,792.565909777505,113.213494569326,17.9349651383403,509.47264856613,0.0408884709666667
"83","ASA23_16",16,2022-08-07,"ASA23",3976,2.58,"Aug",5.02,0.26,2022-08-07,2.816082,0.10101594,38.3131044979916,0.347740193736282,9.14910766522412,4.54580597751451,0.950212340178923,868.13532746081,125.457204159217,19.5457371491701,556.502166228389,0.0407090397333333
"84","ASA24_16",16,2022-08-08,"ASA24",4013,2.57,"Aug",5.21,0.255,2022-08-08,2.794695,0.09733205,39.0566165356622,0.352562439043441,9.30415769355104,4.68046317647569,0.955995580979307,900.399061783418,128.754231091249,19.7411914307246,578.063792304659,0.0413892075
"85","ASA2_18",18,2022-08-12,"ASA2",4050,2.57,"Aug",4.98,0.251,2022-08-12,2.910672,1.02,44.149736963086,0.323460431936619,9.13055235465364,4.21232171496323,1.02788357069348,867.947166192647,117.115444607062,17.9570555327781,519.537462414749,0.0420821948666667
"86","ASA3_18",18,2022-08-13,"ASA3",4137,2.57,"Aug",4.84,0.253,2022-08-13,2.946115,1.06,40.5825647923662,0.309378602689213,8.11412684651255,3.98716432588439,1.0461013979765,778.897616480225,109.904817267861,16.9611726915237,476.130102071827,0.0413911177
"87","ASA4_18",18,2022-08-14,"ASA4",4224,2.56,"Aug",5.14,0.254,2022-08-14,2.899863,0.995,46.3793253918371,0.345043470535491,9.38977580864544,4.56219794229154,1.00272157590195,887.695445138498,125.706707055326,19.3262574671194,544.037035121117,0.0415552742666667
"88","ASA5_18",18,2022-08-15,"ASA5",4311,2.56,"Aug",5.81,0.256,2022-08-15,2.866514,0.882,51.3165692734832,0.36082912816896,9.92931254555203,4.73901392893773,0.958061457862786,986.998918541545,141.405810198266,20.6396364279235,602.249014470739,0.0437077831333333
"89","ASA6_18",18,2022-08-16,"ASA6",4399,2.56,"Aug",5.97,0.258,2022-08-16,2.847996,0.858,51.6761900990519,0.374320817607426,10.5799818090079,4.94855706062354,0.971600457951602,1000,140.304696937551,21.4298474005076,607.31360009156,0.0423327846666667
"90","ASA7_18",18,2022-08-17,"ASA7",4486,2.56,"Aug",6.44,0.26,2022-08-17,2.811983,0.793,58.4368956503052,0.4007209912477,11.625951430088,5.41913401617536,0.954959967202845,1130.03324433987,161.346831710279,23.5680854727118,680.607550379368,0.0421392084666667
"91","ASA8_18",18,2022-08-18,"ASA8",4573,2.55,"Aug",7.05,0.261,2022-08-18,2.772823,0.725,62.5706407367909,0.421438706056108,12.5318734067467,5.6717269288408,0.918540875596301,1220,170.553535182381,25.0256334722129,732.591188339904,0.0417937584666667
"92","ASA10_18",18,2022-08-19,"ASA10",4660,2.55,"Aug",6.04,0.263,2022-08-19,2.816916,0.846,55.6936910389674,0.377486618740439,11.6483503784118,5.108478456895,1.00101947404909,1100,149.731561839749,22.2318864648192,655.016005792271,0.0412513987
"93","ASA11_18",18,2022-08-20,"ASA11",4714,2.55,"Aug",6.7,0.262,2022-08-20,2.778239,0.763,64.382702673604,0.415788024271116,12.4619160885054,5.66454142313194,0.94405793377433,1260,173.082465727894,24.8764470748334,751.845754957418,0.0405722103333333
"94","ASA12_18",18,2022-08-21,"ASA12",4768,2.55,"Aug",7.09,0.26,2022-08-21,2.753491,0.722,65.9418278393382,0.435709871236477,13.1956779216911,5.90466716537294,0.926537007709819,1290,180.172563953705,26.1772719858723,768.521788996437,0.0391781292333333
"95","ASA13_18",18,2022-08-22,"ASA13",4822,2.55,"Aug",6.66,0.259,2022-08-22,2.742158,0.769,67.398619770726,0.4405148320977,13.3769692135279,6.06549774927609,0.943934688700854,1320,182.140782512215,26.8080305861289,789.220103331741,0.0399180384333333
"96","ASA14_18",18,2022-08-23,"ASA14",4877,2.55,"Aug",7.6,0.258,2022-08-23,2.732893,0.671,70.1426656664599,0.453076497783074,13.8698027599644,6.20374031913118,0.892811350633553,1370,191.216890852603,27.7177537199062,821.138498160279,0.0397767012
"97","ASA15_18",18,2022-08-24,"ASA15",4931,2.55,"Aug",7.1,0.257,2022-08-24,2.729431,0.719,70.2696461927653,0.447683578425537,13.5904133560489,6.13331398286009,0.908126923216547,1370,188.796758240319,27.4865323242232,825.033137429089,0.0374439643
"98","ASA16_18",18,2022-08-25,"ASA16",4986,2.55,"Aug",7.47,0.255,2022-08-25,2.719138,0.684,71.8200274348123,0.463564366212895,14.2667079458503,6.44076533857453,0.916088245802379,1400,194.341182583576,28.6894105212021,838.711046240682,0.0383229457
"99","ASA18_18",18,2022-08-26,"ASA18",5040,2.55,"Aug",6.29,0.254,2022-08-26,2.762759,0.81,60.3615130583242,0.402854111289775,12.5455061291388,5.62218753683026,0.94210501171243,1190,160.097355165393,24.4216658652813,710.4556083638,0.0400355436333333
"100","ASA19_18",18,2022-08-27,"ASA19",4922,2.54,"Aug",6.98,0.254,2022-08-27,2.744475,0.729,66.8853971207662,0.43356900141574,12.9948206926508,5.88643814204114,0.911903503666854,1300,178.168733016188,26.308352806001,788.519901645471,0.0401658258333333
"101","ASA20_18",18,2022-08-28,"ASA20",4803,2.53,"Aug",7,0.254,2022-08-28,2.730308,0.73,67.3589157139136,0.448904919008989,13.4217231873015,6.08803343694323,0.902544455568135,1320,177.255067215344,27.3041088882006,797.228033277053,0.0388171727666667
"102","ASA21_18",18,2022-08-29,"ASA21",4685,2.52,"Aug",6.85,0.255,2022-08-29,2.736368,0.748,65.7980838839412,0.446516072680719,13.448241025701,6.18981688738418,0.940238507102226,1280,174.140904531381,27.185442716714,773.577638491631,0.0356307161666667
"103","ASA22_18",18,2022-08-30,"ASA22",4567,2.5,"Aug",7.16,0.255,2022-08-30,2.720222,0.713,71.4355479207895,0.462706058446426,13.9471549003091,6.30898224236935,0.893866524424171,1390,190.007630584804,28.2717306288934,841.061187942115,0.0348766697333333
"104","ASA23_18",18,2022-08-31,"ASA23",4448,2.49,"Aug",6.6,0.255,2022-08-31,2.736483,0.774,67.7148868567723,0.451153858463153,13.5437231619522,6.1753198657191,0.923175186018068,1320,177.44129657357,27.1525812616757,803.383814957111,0.0344590649333333
"105","ASA2_19",19,2022-09-01,"ASA2",4330,2.48,"Sept",5.47,0.294,2022-09-01,2.83,0.0207,51.4939801409203,0.468407822605125,20.0535405967527,6.19532556406227,0.909196938516865,1090.9249290019,143.07474384148,28.7158645588841,633.318506905551,0.0350221350333333
"106","ASA3_19",19,2022-09-02,"ASA3",4534,2.47,"Sept",6.66,0.299,2022-09-02,2.76,0.017,42.3648238306102,0.381963549411064,15.6305920906415,5.02477559598953,1.01966755787687,1322.07677891608,176.684694401376,22.9591666391408,757.559750045086,0.0351703918333333
"107","ASA4_19",19,2022-09-03,"ASA4",4739,2.47,"Sept",7.44,0.305,2022-09-03,2.72,0.0318,55.0826373671398,0.503322388293774,22.3081732317701,6.73750786889731,0.896277216291406,1472.60211636901,199.024811754222,31.4071678711045,841.391458848984,0.0358391591666667
"108","ASA5_19",19,2022-09-04,"ASA5",4943,2.46,"Sept",8,0.31,2022-09-04,2.7,0.251,56.6912461072328,0.517740913347485,23.8740678474144,6.98668406692954,0.872665119427018,1519.16648578566,201.530039836574,32.9800477826762,859.484052590085,0.0347571768333333
"109","ASA6_19",19,2022-09-05,"ASA6",5147,2.45,"Sept",8.49,0.316,2022-09-05,2.68,0.095,58.8967910763118,0.539429896304545,25.386472528296,7.31611117488594,0.88980575672231,1607.54649178712,216.600826762057,34.5691006265795,901.74979340151,0.032900221
"110","ASA7_19",19,2022-09-06,"ASA7",5351,2.44,"Sept",8.22,0.321,2022-09-06,2.69,0.00909,58.6401478756729,0.539455707688879,25.4608252520359,7.26154101063394,0.903610726121761,1595.89591242051,215.931346233152,34.3709062175625,899.019042363284,0.0338283412666667
"111","ASA8_19",19,2022-09-07,"ASA8",5556,2.44,"Sept",8.76,0.327,2022-09-07,2.67,0.0129,60.3412081657687,0.554544489867954,26.429867517433,7.52087916556815,0.915014330030799,1680.6043760623,225.505744991831,35.6897512012061,945.281720225305,0.0369302385333333
"112","ASA10_19",19,2022-09-08,"ASA10",5760,2.43,"Sept",7.69,0.332,2022-09-08,2.71,0.25,55.0451041180894,0.498236307066335,24.0534026176137,6.73392272437,0.982998086660402,1432.41435776581,188.317600032414,31.4569333634859,792.016929533797,0.0392409354333333
"113","ASA11_19",19,2022-09-09,"ASA11",5809,2.42,"Sept",8.44,0.323,2022-09-09,2.67,0.0134,59.4943728127907,0.546261246191565,25.8093274552045,7.38213490984055,0.91391430182571,1542.24968803116,207.846502921996,35.2352640811835,863.299565896737,0.0358597053333333
"114","ASA12_19",19,2022-09-10,"ASA12",5857,2.42,"Sept",8.73,0.315,2022-09-10,2.68,0.0271,61.6228137185423,0.569433032204341,27.2296448338682,7.73024651817488,0.88671987829705,1711.3514823063,229.585056204872,36.829732703372,964.901799670329,0.0352917308
"115","ASA13_19",19,2022-09-11,"ASA13",5906,2.41,"Sept",8.64,0.306,2022-09-11,2.68,0.0274,60.7509639756071,0.55552022482247,26.5319717881797,7.53654377713108,0.894207107579047,1659.55886269902,222.662808205401,35.6825241926797,928.99211665504,0.0344520497
"116","ASA14_19",19,2022-09-12,"ASA14",5954,2.41,"Sept",9.04,0.298,2022-09-12,2.67,0.0262,62.0375639987309,0.56866738946638,27.3663507779793,7.74769077613306,0.893169120621821,1663.96602715085,226.63717842816,37.3090571913733,929.858647039352,0.0333280485333333
"117","ASA15_19",19,2022-09-13,"ASA15",6003,2.4,"Sept",8.97,0.289,2022-09-13,2.67,0.0264,63.1226152320988,0.58037906128093,28.1721098175703,7.95119915887064,0.873570221151766,1687.75961140254,228.010827709655,37.8155130433742,944.760759138718,0.0358138513666667
"118","ASA16_19",19,2022-09-14,"ASA16",6051,2.4,"Sept",9.32,0.281,2022-09-14,2.67,0.216,64.0542358134611,0.589946748777095,28.626972868012,8.05037850348017,0.904227593332402,1813.60195808704,243.421334263927,38.6783054978736,1019.96330191401,0.0384081186
"119","ASA18_19",19,2022-09-15,"ASA18",6100,2.39,"Sept",7.95,0.272,2022-09-15,2.7,0.101,56.4365643864721,0.506704037826878,24.8775033040863,6.96633931436034,0.915766588727372,1573.15634448113,206.278327274085,32.6960153287079,877.359996343897,0.0384600852
"120","ASA19_19",19,2022-09-16,"ASA19",5936,2.39,"Sept",8.54,0.271,2022-09-16,2.68,0.00874,61.5056202211388,0.565139425908928,27.2608532307233,7.69610251431084,0.914911116612564,1662.11359945051,222.352751527633,36.8182717684985,931.7313053439,0.0414365700666667
"121","ASA20_19",19,2022-09-17,"ASA20",5771,2.39,"Sept",8.79,0.269,2022-09-17,2.67,0.0269,61.361821304144,0.560913178455039,27.1716998445308,7.63246349833297,0.902035343735393,2008.69980048287,272.079645709763,36.7154873143005,1124.67799719611,0.0417323764333333
"122","ASA21_19",19,2022-09-18,"ASA21",5607,2.39,"Sept",8.9,0.268,2022-09-18,2.67,0.216,62.035464300804,0.569191537053996,27.6658612370634,7.75813099305368,0.908915607288984,1716.36969014803,227.422469042853,36.8948537746645,959.391617112787,0.0384603975
"123","ASA22_19",19,2022-09-19,"ASA22",5443,2.39,"Sept",8.55,0.266,2022-09-19,2.67,0.0276,61.7977148279288,0.56944411836559,27.8682051921456,7.75618478656213,0.921769190871284,1676.98134880748,224.585509133125,37.0316211816842,935.65436469925,0.0397925608333333
"124","ASA23_19",19,2022-09-20,"ASA23",5279,2.39,"Sept",9.51,0.265,2022-09-20,2.66,0.211,62.6529612646958,0.581455194097408,28.4457908377081,7.85285047616953,0.930763775883609,1774.51881889816,236.770130038308,37.8568198895511,991.067713792797,0.0406897442
"125","ASA24_19",19,2022-09-21,"ASA24",5114,2.39,"Sept",9.04,0.263,2022-09-21,2.66,0.222,58.7583449636081,0.538118775000414,26.4003415898911,7.27494558975999,0.992069267017157,1629.31209427759,213.005737321729,34.2540792132462,904.896164636896,0.0393891467333333
"126","ASA2_20",20,2022-09-22,"ASA2",4950,2.45,"Sept",8.17,0.808,2022-09-22,2.74,0.1986106,47.5551666471607,0.423776772518375,21.4607201175608,5.7474995331346,1.00820919357203,1290,169.593111531164,26.666118340932,702.840406279347,0.0401648901333333
"127","ASA3_20",20,2022-09-23,"ASA3",4909,2.46,"Sept",7.47,0.813,2022-09-23,2.77,0.06912913,42.2974490420889,0.382516363282955,17.9916188481291,5.07430687047615,0.996076581063893,1130,147.927630463678,23.8358256024681,620.683366232979,0.0406879401666667
"128","ASA4_20",20,2022-09-24,"ASA4",4867,2.46,"Sept",6.87,0.817,2022-09-24,2.8,0.14602151,41.487022842388,0.375753161315535,17.280626142596,4.96297702179132,1.01854064550562,1160,153.315564977706,23.0773833700427,639.904984780513,0.0419608607
"129","ASA5_20",20,2022-09-25,"ASA5",4826,2.47,"Sept",6.81,0.822,2022-09-25,2.78,0.1358,42.4641260268325,0.379441490211337,17.0817432757149,5.08448621601511,0.970158395779733,1150,153.974404543386,23.70460935944,643.959557089409,0.0411234703333333
"130","ASA6_20",20,2022-09-26,"ASA6",4784,2.47,"Sept",6.74,0.826,2022-09-26,2.8,0.12796231,41.5772213275851,0.371108883184873,16.6745700641774,4.9588600297929,0.990071083111014,1150,152.449426752668,22.9340013984828,647.022637417063,0.0428057829666667
"131","ASA7_20",20,2022-09-27,"ASA7",4742,2.48,"Sept",6.83,0.831,2022-09-27,2.79,0.13216545,42.5195610723321,0.382458941661484,17.3031682743132,5.1011021200404,0.996980824941563,1170,154.657949927295,23.7868241378217,654.041183144314,0.0505180570666667
"132","ASA8_20",20,2022-09-28,"ASA8",4701,2.48,"Sept",6.6,0.835,2022-09-28,2.79,0.12401826,42.4791029738986,0.379619897131127,17.0291083788803,5.09012632580875,0.981126343727008,1200,159.16654536197,23.6256998587947,670.137095762998,0.0501272980333333
"133","ASA10_20",20,2022-09-29,"ASA10",4660,2.49,"Sept",6.31,0.84,2022-09-29,2.81,0.14127438,39.9964967216413,0.359814520284631,16.1563352744082,4.77990125998531,1.02901356327598,1089.94405874852,144.403580562888,21.8337420015829,613.056549420678,0.0431817099333333
"134","ASA11_20",20,2022-09-30,"ASA11",4777,2.48,"Sept",6.53,0.84,2022-09-30,2.79,0.12872038,42.4677349545009,0.383455930192828,16.8566759714245,5.079606858689,0.968386749083311,1160,154.028045305492,23.6261394851413,655.461774908689,0.0383024733333333
"135","ASA12_20",20,2022-10-01,"ASA12",4894,2.48,"Oct",7.01,0.839,2022-10-01,2.77,0.02901489,44.0406731913915,0.397875009697825,17.4380982781124,5.28160499033386,0.96359798184533,1220,156.735562754253,24.5135557225759,692.607071668955,0.0378572626
"136","ASA13_20",20,2022-10-02,"ASA13",5011,2.47,"Oct",7.05,0.839,2022-10-02,2.75,0.02931713,45.7985301660425,0.416642236868813,18.3151893233754,5.53242382924176,0.947799519726337,1120,146.19413683219,25.7806660648901,629.564694151174,0.0361129386666667
"137","ASA14_20",20,2022-10-03,"ASA14",5129,2.47,"Oct",7.29,0.839,2022-10-03,2.73,0.02801991,47.7935655705473,0.433717341738355,19.2329888835488,5.79221394362208,0.922924143864802,1330,175.256980837233,27.0179851916077,756.362970569076,0.0341207257666667
"138","ASA15_20",20,2022-10-04,"ASA15",5246,2.46,"Oct",8.15,0.838,2022-10-04,2.71,0.02823857,50.5253086307258,0.466454798808856,20.8180969290993,6.25073931155183,0.888535728488485,1480,194.216119173859,29.4544431908517,839.849711161486,0.0340025150333333
"139","ASA16_20",20,2022-10-05,"ASA16",5363,2.46,"Oct",8.63,0.837,2022-10-05,2.69,0.11656652,54.0785183368738,0.491096955841481,22.5348450064065,6.58612230356423,0.907053743653574,1550,204.101197380121,30.7531695390384,880.229794647301,0.0350065928333333
"140","ASA18_20",20,2022-10-06,"ASA18",5480,2.45,"Oct",7.9,0.837,2022-10-06,2.73,0.10318239,49.6720410644368,0.439352744453254,20.5831160337713,5.98410104027249,0.945241620988037,1420,182.423472151827,27.871677640735,797.994473001353,0.0330495766
"141","ASA19_20",20,2022-10-07,"ASA19",5400,2.45,"Oct",8.89,0.831,2022-10-07,2.68,0.01306792,55.9838042779237,0.503377275865665,23.7478777241467,6.88056121804667,0.906758955210523,1600,209.675574441335,32.4763860490128,896.109597483855,0.0323303982333333
"142","ASA20_20",20,2022-10-08,"ASA20",5320,2.44,"Oct",10.1,0.825,2022-10-08,2.67,0.02881684,58.7291976271861,0.535093506890122,25.6844836236493,7.3043952628004,0.919262353805601,1730,227.074417229193,34.9656262915108,975.077131759201,0.0360258010666667
"143","ASA21_20",20,2022-10-09,"ASA21",5240,2.44,"Oct",10.3,0.819,2022-10-09,2.66,0.23880899,60.2386437924448,0.547746695368262,26.2313561981981,7.49220625502591,0.884838916598772,1820,235.597448274822,35.6073843833477,1020.17446716997,0.0315992395333333
"144","ASA22_20",20,2022-10-10,"ASA22",5160,2.44,"Oct",10.9,0.812,2022-10-10,2.66,0.01869006,62.7547074602905,0.572542331794279,27.9457207564387,7.87667843428488,0.888546566554016,1840,242.478569808982,37.8477224402213,1020,0.0345651020666667
"145","ASA23_20",20,2022-10-11,"ASA23",5080,2.43,"Oct",12.3,0.806,2022-10-11,2.65,0.11423764,61.4206837600076,0.557150767049356,27.6333674525378,7.69021062263297,0.884492758431447,1790,235.378134093126,37.052439896902,1000,0.0320992894666667
"146","ASA24_20",20,2022-10-12,"ASA24",5000,2.43,"Oct",10.9,0.8,2022-10-12,2.65,0.12017699,62.3337834407439,0.571244165779541,28.1869355202711,7.82690086532912,0.893094820420628,1880,242.409410641258,37.5417074015096,1050.21060309404,0.0319953128
"147","ASA2_21",21,2022-10-13,"ASA2",1317,2.78,"Oct",1.36,0.265,2022-10-13,3.89,0.176,3.07621170020371,0.0393591004555063,0.862473645313457,0.354905882670892,1.41978430677572,38.1974444604562,7.9563086961332,1.20099703783767,36.1427615112484,0.0340308626
"148","ASA3_21",21,2022-10-14,"ASA3",1248,2.82,"Oct",1.38,0.273,2022-10-14,3.69,1.72,2.66893570224493,0.0385168623390222,0.689867401978562,0.309854118462922,1.35877016521511,30.4423146002235,6.98739105859784,1.05557657838418,32.2066478208148,0.0512897481666667
"149","ASA4_21",21,2022-10-15,"ASA4",1180,2.86,"Oct",1.33,0.282,2022-10-15,3.84,0.642,2.5995203273923,0.0392121540931161,0.698857200872657,0.304003527630616,1.36242221800601,28.860896590282,6.77114255680137,0.963773016942083,31.7157813291769,0.122498075033333
"150","ASA5_21",21,2022-10-16,"ASA5",1111,2.9,"Oct",NA,NA,NA,3.76,0.109,2.61971487732235,0.0382910086662304,0.639622504888489,0.305378613055265,1.34428186759385,28.5863480088052,6.72417615091649,0.941317522380423,31.6203976647877,NA
"151","ASA6_21",21,2022-10-17,"ASA6",1043,2.94,"Oct",1.07,0.299,2022-10-17,3.34,0.224,2.18721025591478,0.0340623087846882,0.470024858831752,0.25761039007214,1.36387819486259,18.411326401898,5.57203798086219,0.722587584477078,26.5568525112883,0.0182409072333333
"152","ASA7_21",21,2022-10-18,"ASA7",974,2.98,"Oct",1.17,0.307,2022-10-18,3.6,2.05,2.46772028007824,0.0367055056321415,0.603756052183657,0.288496564783411,1.38651619380379,24.6407741502928,6.33354193991978,0.834806656602042,29.9484588471821,0.0190011403
"153","ASA8_21",21,2022-10-19,"ASA8",906,3.02,"Oct",1.2,0.316,2022-10-19,3.8,0.174,2.74731489237315,0.0407833992262519,0.731238176918818,0.321763338813078,1.38092727550254,30.783967035636,7.09980420055944,0.958384520599328,33.2621308599672,0.0167919019666667
"154","ASA10_21",21,2022-10-20,"ASA10",837,3.06,"Oct",1.25,0.324,2022-10-20,3.84,1.9,2.82082197106927,0.0383824329309886,0.737796902291871,0.331483927051108,1.38892993639386,31.9102490385975,7.31977683614711,0.990780552501565,33.6038673732223,0.0242082783
"155","ASA11_21",21,2022-10-21,"ASA11",841,3.06,"Oct",1.38,0.317,2022-10-21,3.86,1.72,2.76977119905504,0.0369906948893958,0.702434813175255,0.323258380821966,1.38290821490281,30.1970849059277,7.17083160642119,0.959148931298171,32.8064828164218,0.0862758863
"156","ASA12_21",21,2022-10-22,"ASA12",844,3.05,"Oct",1.38,0.31,2022-10-22,3.83,1.72,2.86785045729125,0.0400004611857014,0.764122159594745,0.333552890447815,1.38360205333199,32.1847498718378,7.51234246328386,1.00424815183338,34.2966045709611,0.0433944230666667
"157","ASA13_21",21,2022-10-23,"ASA13",848,3.05,"Oct",1.29,0.304,2022-10-23,3.85,1.84,2.83112966266426,0.0391614037140348,0.669440018644452,0.327236603273993,1.37220368672173,30.1757708273791,7.35757002672135,0.978230236594288,33.5785910483488,0.0288468345333333
"158","ASA14_21",21,2022-10-24,"ASA14",852,3.04,"Oct",1.14,0.297,2022-10-24,3.85,2.09,3.20247755334365,0.0410870355057201,0.838152926131983,0.367706901606226,1.38804706439639,38.2073484446788,8.36517003426574,1.13259255617194,37.489560455827,0.0463349095
"159","ASA15_21",21,2022-10-25,"ASA15",856,3.04,"Oct",1.3,0.29,2022-10-25,3.88,1.83,3.15586450677647,0.0425920544584488,0.755842541758712,0.360417691515655,1.39897652213077,36.3388204536113,8.16870834643993,1.09848698523851,37.4758537818266,0.0255230333666667
"160","ASA16_21",21,2022-10-26,"ASA16",859,3.03,"Oct",1.22,0.284,2022-10-26,3.84,1.95,3.12277355385055,0.0393939244060639,0.757380405286825,0.356564987040781,1.36699848680171,35.0871901360973,8.06032837112858,1.07627561740686,36.1315198436174,0.0209956760333333
"161","ASA18_21",21,2022-10-27,"ASA18",863,3.03,"Oct",1.17,0.277,2022-10-27,3.91,2.03,3.41072346631936,0.0461901664763433,0.810125435010178,0.386549133386422,1.38643570422984,40.2040341846457,8.84139559219872,1.19484610741501,39.5194086960573,0.0148529784333333
"162","ASA19_21",21,2022-10-28,"ASA19",860,3.03,"Oct",1.29,0.277,2022-10-28,3.84,1.84,3.13661504894787,0.0404008766621543,0.747875710097548,0.359143235606373,1.39311863350057,34.798635891184,8.12739732388016,1.11663260300379,37.2069961969181,0.0159992544666667
"163","ASA20_21",21,2022-10-29,"ASA20",858,3.02,"Oct",1.23,0.276,2022-10-29,3.88,1.93,3.27599734861343,0.041403443065869,0.775430829641122,0.372918274894577,1.38059207135602,36.7737599182573,8.52269321820004,1.13670166893519,37.979621246153,0.0158589158
"164","ASA21_21",21,2022-10-30,"ASA21",855,3.02,"Oct",1.39,0.276,2022-10-30,3.86,0.615,3.64039472419945,0.0446827629362163,0.585004082007837,4.77539657574689,1.46976892849322,39.5331995330624,9.47094020689602,1.28144876414901,42.2642942828648,0.0180385681333333
"165","ASA22_21",21,2022-10-31,"ASA22",853,3.01,"Oct",1.37,0.275,2022-10-31,3.89,0.624,3.37021615745241,0.042170032977337,0.783117291541424,0.382991501483245,1.39266898449749,37.3612525068869,8.98058067392009,1.1895455758248,38.5870868911406,0.0157389963333333
"166","ASA23_21",21,2022-11-01,"ASA23",850,3.01,"Nov",1.4,0.275,2022-11-01,3.86,0.61,3.31830594564053,0.0433909230200925,0.761205333668507,0.379304502287814,1.39433959349251,36.6419915990235,8.67788425648079,1.14875838276569,38.4538818923337,0.0206828005666667
"167","ASA2_22",22,2022-11-02,"ASA2",1605,2.7,"Nov",4.56,0.274,2022-11-02,3.15,0.180131579,29.4676992823095,0.223572526967289,7.79976716891869,5.22669203588722,1.20889478586676,572.611409408309,74.5888438581247,11.9761623111186,350.824283001162,0.015860618
"168","ASA3_22",22,2022-11-03,"ASA3",2231,2.66,"Nov",6.15,0.278,2022-11-03,2.92,0.133560976,47.1634216658862,0.321261046917011,10.6223148406563,6.01369934996347,1.09703503338343,903.126586599257,119.329526979944,18.7853730670723,566.908053432505,0.0203717362333333
"169","ASA4_22",22,2022-11-04,"ASA4",2858,2.61,"Nov",7.46,0.281,2022-11-04,2.83,0.110107239,60.2996814208244,0.390992149810101,14.1002722939133,6.72886696681958,1.02026492699953,1180,150.671153587555,23.9704788910288,730.207834151074,0.0725111289666667
"170","ASA5_22",22,2022-11-05,"ASA5",3484,2.57,"Nov",NA,NA,NA,2.79,0.095069444,64.3162683611645,0.426852935893487,16.7229719880939,7.02599946485401,1.00556175338753,1280,163.98220633633,26.6851223594636,775.934146239507,NA
"171","ASA6_22",22,2022-11-06,"ASA6",4111,2.53,"Nov",9.71,0.287,2022-11-06,2.73,0.084593203,74.6598261436488,0.462506487805144,19.3181977115161,7.44015144637897,0.931933081846529,1500,191.826406407893,30.391729637645,899.375579947062,0.0155019119666667
"172","ASA7_22",22,2022-11-07,"ASA7",4737,2.49,"Nov",10.5,0.29,2022-11-07,2.71,0.078228571,80.6802473007306,0.498544363396906,21.5677087671181,7.83577588959621,0.972730379287124,1650,206.326361660879,32.6864564951006,975.620537290094,0.0182725489333333
"173","ASA8_22",22,2022-11-08,"ASA8",5364,2.44,"Nov",11.7,0.294,2022-11-08,2.69,0.070205128,85.5735892778763,0.539338672554232,24.178420645692,8.22941479333148,0.952821344285452,1770,219.90496667534,35.6787218465292,1030,0.0177587382
"174","ASA10_22",22,2022-11-09,"ASA10",5990,2.4,"Nov",11.4,0.297,2022-11-09,2.69,0.072052632,83.0487197695125,0.503898280097851,23.8983947050469,7.86212941159036,0.963622511337596,1740,213.091970702317,34.0971772265428,1000,0.0186578812333333
"175","ASA11_22",22,2022-11-10,"ASA11",6111,2.4,"Nov",12.9,0.301,2022-11-10,2.67,0.063674419,94.5297138648098,0.572345530557883,26.7388980301851,8.69343085899465,1.02399543420433,1970,242.077380603765,38.7250451950063,1150,0.0135255913
"176","ASA12_22",22,2022-11-11,"ASA12",6233,2.39,"Nov",12.8,0.305,2022-11-11,2.66,0.023117187,96.7282051797533,0.59467294406342,28.6303255766369,9.04882701232023,0.974576547694763,2020,252.967110034357,40.5650330462346,1159.52777058447,0.0114977907333333
"177","ASA13_22",22,2022-11-12,"ASA13",6354,2.39,"Nov",13.5,0.309,2022-11-12,2.65,0.021918519,99.8633587063995,0.59604918670341,29.0614802047531,9.01361095119119,0.92332651288081,2100,262.72626847742,41.1828627976889,1200,0.0112298577666667
"178","ASA14_22",22,2022-11-13,"ASA14",6476,2.38,"Nov",14.1,0.313,2022-11-13,2.63,0.020985816,103.745024572265,0.626623845970781,31.0214411176744,9.49787530479309,0.939504239466728,2190,273.339140726122,43.5866123483959,1250,0.0124280896333333
"179","ASA15_22",22,2022-11-14,"ASA15",6597,2.38,"Nov",13.8,0.317,2022-11-14,2.63,0.021442029,104.652293779413,0.618104869024479,31.0759421289263,9.35720647373227,0.935748153844875,2210,276.734940972435,43.8242503023006,1260,0.0149502238333333
"180","ASA16_22",22,2022-11-15,"ASA16",6719,2.37,"Nov",14.8,0.321,2022-11-15,2.62,0.019993243,109.962088308013,0.636697656725806,32.3020384105543,9.59416048555933,0.895419862254196,2340,291.0352345865,44.7333007158683,1330,0.0169477496
"181","ASA18_22",22,2022-11-16,"ASA18",6840,2.37,"Nov",13.6,0.325,2022-11-16,2.64,0.060397059,99.6303811461811,0.600766361783488,31.3156499382647,9.04910121380864,0.957128478581573,2140,263.943755917759,41.3243861707911,1199.54026181816,0.0409182984333333
"182","ASA19_22",22,2022-11-17,"ASA19",6284,2.4,"Nov",14.7,0.317,2022-11-17,2.62,0.009081633,109.279564273316,0.628199021683825,32.3930191146353,9.51937653203276,0.891307460129177,2330,289.746616629723,45.5735238197435,1320,0.0929305597333333
"183","ASA20_22",22,2022-11-18,"ASA20",5729,2.43,"Nov",15.3,0.31,2022-11-18,2.62,0.019339869,109.73910403734,0.654076298544873,33.671131483594,9.81520651123157,0.905647980668078,2340,290.511377927389,46.7707495664299,1320,0.0447401361
"184","ASA21_22",22,2022-11-19,"ASA21",5173,2.46,"Nov",17,0.302,2022-11-19,2.6,0.145676471,114.433691160301,0.662633417685556,34.9730987532392,10.0287492264637,0.980854198379569,2440.39194453,308.996124331823,48.6384969245951,1370.30255765352,0.0155327300333333
"185","ASA22_22",22,2022-11-20,"ASA22",4617,2.49,"Nov",18.9,0.295,2022-11-20,2.61,0.008126984,114.645865879784,0.658228933354136,34.5646848101769,9.91185004964569,0.889202223362428,2460,304.370004755964,47.785547654516,1380,0.0181117957333333
"186","ASA23_22",22,2022-11-21,"ASA23",4061,2.52,"Nov",18.4,0.287,2022-11-21,2.61,0.012972826,111.858908114362,0.647759500117806,33.5656198145004,9.71839488261328,0.9158723805608,2390,300.385533029311,46.4127541999857,1340,0.0284278959
"187","ASA24_22",22,2022-11-22,"ASA24",3506,2.55,"Nov",18.4,0.28,2022-11-22,2.61,0.012972826,115.145372737021,0.667946261675493,34.8482015601044,10.1155109352905,0.904097834583253,2470,309.071325006249,48.621477034721,1390,0.0503013271
"188","ASA2_23",23,2022-11-29,"ASA2",2950,2.58,"Nov",3.54,0.272,2022-11-29,3.467449,0.105677966,17.4,0.156,5.44,2.35,1.24,432,52,8.39,247,0.01367794
"189","ASA3_23",23,2022-11-30,"ASA3",2886,2.59,"Nov",2.5,0.275,2022-11-30,4.699948,1.06608,10,0.1,2.16,1.74,1.29,192,27.5,4.19,134,0.00706379186666667
"190","ASA4_23",23,2022-12-01,"ASA4",2821,2.6,"Dec",2.72,0.278,2022-12-01,4.305378,0.262867647,11.1,0.109,2.56,1.83,1.29,223,30.6,4.73,153,0.00639564406666667
"191","ASA5_23",23,2022-12-02,"ASA5",2757,2.61,"Dec",NA,NA,NA,3.909068,0.141044776,12.7,0.121,3.15,1.98,1.29,274,36,5.47,178,NA
"192","ASA6_23",23,2022-12-03,"ASA6",2693,2.61,"Dec",3.63,0.283,2022-12-03,3.734633,0.130165289,14.6,0.137,3.79,2.15,1.3,315,41.7,6.39,198,0.00894227916666667
"193","ASA7_23",23,2022-12-04,"ASA7",2629,2.62,"Dec",3.53,0.286,2022-12-04,3.693958,0.157308782,14.5,0.137,3.89,2.08,1.28,306,42.6,6.5,190,0.0131036028666667
"194","ASA8_23",23,2022-12-05,"ASA8",2564,2.63,"Dec",3.73,0.289,2022-12-05,3.658754,0.126675603,15.4,0.145,4.22,2.14,1.31,354,45,6.84,216,0.0115806494333333
"195","ASA10_23",23,2022-12-06,"ASA10",2500,2.64,"Dec",3.89,0.292,2022-12-06,3.580195,0.121465296,15.7,0.143,4.39,2.14,1.29,365,45.8,7.06,223,0.01464664
"196","ASA11_23",23,2022-12-07,"ASA11",2499,2.65,"Dec",3.94,0.291,2022-12-07,3.569953,0.119923858,15.9,0.149,4.5,2.17,1.3,357,47,7.14,217,0.0237745248
"197","ASA12_23",23,2022-12-08,"ASA12",2497,2.66,"Dec",3.97,0.291,2022-12-08,3.552068,0.119017632,16.2,0.15,4.6,2.19,1.34,374,47.5,7.24,224,0.0422572864333333
"198","ASA13_23",23,2022-12-09,"ASA13",2496,2.67,"Dec",3.86,0.29,2022-12-09,3.562693,0.122409326,16,0.151,4.62,2.16,1.3,362,47.7,7.26,218,0.0516601693333333
"199","ASA14_23",23,2022-12-10,"ASA14",2494,2.69,"Dec",4.09,0.289,2022-12-10,3.510665,0.115525672,16.4,0.152,4.73,2.16,1.3,382,49.2,7.47,228,0.0364086962
"200","ASA15_23",23,2022-12-11,"ASA15",2493,2.7,"Dec",3.98,0.288,2022-12-11,3.465543,0.118718593,17.4,0.16,5.03,2.29,1.31,402,51.2,7.85,242,0.0273105683333333
"201","ASA16_23",23,2022-12-12,"ASA16",2491,2.71,"Dec",3.88,0.288,2022-12-12,3.513274,0.121778351,16.4,0.153,4.68,2.17,1.3,358,48.6,7.44,217,0.0196097435333333
"202","ASA18_23",23,2022-12-13,"ASA18",2490,2.72,"Dec",4.56,0.287,2022-12-13,3.49546,0.103618421,17,0.154,4.94,2.23,1.31,386,50.2,7.71,232,0.0143255311666667
"203","ASA19_23",23,2022-12-14,"ASA19",2786,2.69,"Dec",4.35,0.279,2022-12-14,3.449408,0.092643678,17,0.157,4.91,2.22,1.31,409,50.7,7.78,246,0.0774963992
"204","ASA20_23",23,2022-12-15,"ASA20",3081,2.66,"Dec",4.17,0.27,2022-12-15,3.450583,0.096642686,17.6,0.162,5.04,2.29,1.32,405,52.2,8,244,0.0200755491333333
"205","ASA21_23",23,2022-12-16,"ASA21",3377,2.63,"Dec",4.61,0.262,2022-12-16,3.401021,0.102494577,18.3,0.169,5.24,2.35,1.33,431,54.2,8.39,260,0.0145686525333333
"206","ASA22_23",23,2022-12-17,"ASA22",3673,2.6,"Dec",4.52,0.253,2022-12-17,3.421118,0.104535398,18.7,0.171,5.78,2.4,1.36,423,57.8,8.71,256,0.0062178822
"207","ASA23_23",23,2022-12-18,"ASA23",3969,2.57,"Dec",4.39,0.245,2022-12-18,3.44137,0.107630979,18.2,0.167,5.6,2.33,1.37,432,57.2,8.39,262,0.0049886877
"208","ASA24_23",23,2022-12-19,"ASA24",4264,2.54,"Dec",4.33,0.236,2022-12-19,3.425816,0.109122402,18.9,0.175,5.88,2.38,1.37,362,58.5,8.74,219,0.0067189464
"209","ASA2_24",24,2022-12-20,"ASA2",4560,2.51,"Dec",8.65,0.228,2022-12-20,2.819477,0.026809249,56.69373426178,0.376011699981174,21.3844671910101,5.24531147879878,1.18573222258506,1280,155.101375443702,22.4439758543234,682.916627523634,0.00927147873333333
"210","ASA3_24",24,2022-12-21,"ASA3",4747,2.51,"Dec",8.78,0.227,2022-12-21,2.825205,0.026412301,62.1156120202283,0.415749029048629,19.9251951547134,5.78728615450401,1.18006905173985,1290,166.645759671975,24.9495466635712,746.789618153875,0.0176335085
"211","ASA4_24",24,2022-12-22,"ASA4",4934,2.51,"Dec",9.28,0.227,2022-12-22,2.772575,0.024989224,70.22836149765,0.47124447259406,22.2335191406686,6.55713797054812,1.05196263332474,1430,185.844169812121,28.6645064286089,829.2525750562,0.0679100541666667
"212","ASA5_24",24,2022-12-23,"ASA5",5121,2.51,"Dec",9.68,0.226,2022-12-23,2.754623,0.023956612,75.8763762434226,0.490316569567168,23.8349712106657,6.79670691348032,1.04690163290112,1570,202.382685668799,30.3167740895794,901.409048411425,0.0463966834666667
"213","ASA6_24",24,2022-12-24,"ASA6",5309,2.52,"Dec",10.3,0.226,2022-12-24,2.72748,0.022514563,80.2556298514195,0.513288406216307,25.5320242842503,7.10835013539668,1.01405428905245,1690,210.244052518226,31.8703014876033,959.987229024734,0.0170092164666667
"214","ASA7_24",24,2022-12-25,"ASA7",5496,2.52,"Dec",10.7,0.225,2022-12-25,2.717061,0.021672897,81.3333720342888,0.54037528235177,27.569081187627,7.47669070009975,1.03518381368031,1709.87224037438,216.65901011109,33.5651646410249,959.708902769829,0.00911671223333333
"215","ASA8_24",24,2022-12-26,"ASA8",5683,2.52,"Dec",10.9,0.225,2022-12-26,2.704076,0.021275229,83.4727916047571,0.532171023277639,27.643824132486,7.43698306846134,0.990817086031541,1780,223.833496014242,33.8578700224683,991.947875391227,0.0134443485333333
"216","ASA10_24",24,2022-12-27,"ASA10",5870,2.52,"Dec",11.5,0.224,2022-12-27,2.702054,0.024513043,82.7102887263564,0.536204536186239,29.0438137362055,7.49400971245069,1.1596029868497,1800,223.692835845805,33.9348302195229,982.356974306263,0.0071477302
"217","ASA11_24",24,2022-12-28,"ASA11",5861,2.52,"Dec",11.4,0.223,2022-12-28,2.69155,0.102508772,85.7814249481435,0.542103727048439,28.5195770464568,7.5746493002622,1.00220831255232,1830,232.285898169224,34.5154793739823,1010,0.0110057651
"218","ASA12_24",24,2022-12-29,"ASA12",5853,2.52,"Dec",12,0.222,2022-12-29,2.69067,0.023491667,88.3083970688325,0.555937883933029,29.6332176601024,7.80547204457741,1.00300220925444,1900,239.021660011503,35.3805243862452,1050,0.0250365704333333
"219","ASA13_24",24,2022-12-30,"ASA13",5844,2.52,"Dec",12.3,0.221,2022-12-30,2.681421,0.022918699,88.1566261608837,0.56894949578697,30.6768137308041,7.97499949695071,1.02702321377389,1900,238.304018641005,35.9725081858347,1040,0.0100564731666667
"220","ASA14_24",24,2022-12-31,"ASA14",5836,2.52,"Dec",12.6,0.22,2022-12-31,2.684504,0.022373016,89.3523174065352,0.554980244732965,29.9954813298409,7.7664681229137,1.01972991008753,1920,241.419191853132,35.2999549407465,1059.54321366498,0.0128210054666667
"221","ASA15_24",24,2023-01-01,"ASA15",5827,2.52,"Jan",12.3,0.219,2023-01-01,2.681936,0.071349593,90.8240603997537,0.566991973794823,30.6075794535005,7.81656638561733,1.05228922796229,1970,243.997159432931,35.7096113453048,1090,0.0088507548
"222","ASA16_24",24,2023-01-02,"ASA16",5819,2.52,"Jan",12.2,0.218,2023-01-02,2.687595,0.006893443,88.3889256333048,0.553834401273782,29.7688309773902,7.68326345993465,0.993713096951316,1900,239.997671112461,35.1905894240691,1040,0.00967509913333333
"223","ASA18_24",24,2023-01-03,"ASA18",5810,2.52,"Jan",12.2,0.217,2023-01-03,2.691094,0.023106557,84.4201403031308,0.551277685520161,30.5436515434261,7.55790167549324,1.11536761251674,1840,232.956823668966,34.416965390103,995.796265691415,0.0075034886
"224","ASA19_24",24,2023-01-04,"ASA19",5165,2.57,"Jan",11.8,0.227,2023-01-04,2.696854,0.181245763,84.306305389043,0.542779674639661,28.5835551540173,7.42104740021083,1.07373361453652,1820,228.263907611174,33.6132867066035,1000,0.00929839323333333
"225","ASA20_24",24,2023-01-05,"ASA20",4520,2.62,"Jan",11.6,0.236,2023-01-05,2.697351,0.014284483,84.5338935970063,0.529592429188184,27.9464601908456,7.28140037498038,1.04132947936252,1830,226.436132842428,33.1439810861856,1010,0.0116351568333333
"226","ASA21_24",24,2023-01-06,"ASA21",3875,2.67,"Jan",11.8,0.246,2023-01-06,2.712549,0.019652542,84.0138362752391,0.531998469929471,28.0697818837747,7.32366092479807,1.07756172647452,1800,226.632133669622,33.2029720146114,987.471772393924,0.00992125773333333
"227","ASA22_24",24,2023-01-07,"ASA22",3231,2.72,"Jan",11.5,0.255,2023-01-07,2.703611,0.020165217,82.6854608373364,0.538258948482318,28.5300985756243,7.27071524770685,1.1239901173572,1790,224.116258695946,32.9599320241706,989.707294403388,0.0102481310333333
"228","ASA23_24",24,2023-01-08,"ASA23",2586,2.77,"Jan",11.2,0.265,2023-01-08,2.718896,0.020705357,77.6865886005601,0.5031070743846,26.7436047597909,6.85676897477109,1.09454043345115,1690,210.00763099934,31.4823401195189,928.508890968149,0.0190339734666667
"229","ASA24_24",24,2023-01-09,"ASA24",1941,2.82,"Jan",10.6,0.274,2023-01-09,2.728991,0.021877358,75.1896906730421,0.493438181854181,26.2270631208761,6.6951241312828,1.17214612678448,1640.03669890389,205.594307371327,30.1903070179431,893.407656390301,0.0540803965333333
"230","ASA2_26",26,2023-01-25,"ASA2",1296,2.87,"Jan",1.61,0.284,2023-01-25,3.48,0.0461,1.77,0.032,0.55,0.37,1.86,24.2,4.28,0.785,24.3,0.101991167925
"231","ASA3_26",26,2023-01-26,"ASA3",1235,2.9,"Jan",1.22,0.281,2023-01-26,3.46,0.07844262,1.84,0.032,0.477,0.387,1.78,23.6,4.43,0.788,25.2,0.1260046252
"232","ASA4_26",26,2023-01-27,"ASA4",1174,2.92,"Jan",1.14,0.278,2023-01-27,3.53,0.06508772,1.74,0.031,0.4,0.362,1.75,21.5,4.06,0.714,24.1,0.1288181497
"233","ASA5_26",26,2023-01-28,"ASA5",1114,2.95,"Jan",1.29,0.275,2023-01-28,3.61,0.05751938,1.7,0.031,0.465,0.349,1.69,22.8,4.02,0.711,22.9,0.130746588433333
"234","ASA6_26",26,2023-01-29,"ASA6",1054,2.98,"Jan",1.31,0.273,2023-01-29,3.69,0.05664122,1.73,0.031,0.477,0.368,1.76,26.2,4.1,0.715,23.4,0.1341413335
"235","ASA7_26",26,2023-01-30,"ASA7",993,3.01,"Jan",1.08,0.27,2023-01-30,3.57,0.0687037,1.67,0.03,0.441,0.353,1.61,22.3,4.03,0.71,22.5,0.148714770233333
"236","ASA8_26",26,2023-01-31,"ASA8",932,3.03,"Jan",1.03,0.267,2023-01-31,3.58,0.07203883,1.65,0.031,0.457,0.354,1.61,21.9,3.94,0.685,22.3,0.142407157433333
"237","ASA10_26",26,2023-02-01,"ASA10",872,3.06,"Feb",1.04,0.264,2023-02-01,3.59,0.07134615,1.57,0.028,0.423,0.335,1.57,21.3,3.79,0.664,21,0.153853273066667
"238","ASA11_26",26,2023-02-02,"ASA11",863,3.06,"Feb",1.19,0.26,2023-02-02,3.82,0.06235294,2.27,0.033,0.686,0.412,1.48,35.8,5.63,0.958,28.8,0.184873361333333
"239","ASA12_26",26,2023-02-03,"ASA12",854,3.07,"Feb",1.26,0.256,2023-02-03,3.61,0.11674603,1.46,0.027,0.547,0.306,1.21,24.4,3.55,0.63,19,0.545834039
"240","ASA13_26",26,2023-02-04,"ASA13",845,3.07,"Feb",1.47,0.252,2023-02-04,3.81,0.2114966,1.86,0.03,0.76,0.333,0.878,32.1,4.54,0.726,22,1.0563496617
"241","ASA14_26",26,2023-02-05,"ASA14",836,3.07,"Feb",1.59,0.248,2023-02-05,3.83,0.09251572,1.83,0.032,0.918,0.321,0.667,36.8,4.46,0.724,20.9,2.20354921783333
"242","ASA15_26",26,2023-02-06,"ASA15",827,3.07,"Feb",1.45,0.244,2023-02-06,3.72,0.10144828,1.57,0.03,0.596,0.293,0.625,27.3,3.7,0.598,18.1,2.04872424033333
"243","ASA16_26",26,2023-02-07,"ASA16",818,3.08,"Feb",1.41,0.24,2023-02-07,3.56,0.05262411,1.37,0.027,0.449,0.267,0.577,22.7,3.2,0.529,16,1.87445132516667
"244","ASA18_26",26,2023-02-08,"ASA18",809,3.08,"Feb",1.45,0.236,2023-02-08,3.62,0.59772414,1.54,0.027,0.563,0.287,0.619,26.2,3.67,0.597,18,1.67309864786667
"245","ASA19_26",26,2023-02-09,"ASA19",784,3.11,"Feb",1.54,0.254,2023-02-09,3.77,0.09551948,1.93,0.031,0.613,0.326,0.751,33.7,4.73,0.762,22.1,1.46990126666667
"246","ASA20_26",26,2023-02-10,"ASA20",760,3.15,"Feb",1.45,0.271,2023-02-10,3.58,0.10144828,1.23,0.027,0.504,0.227,0.731,21.2,2.89,0.471,14.4,1.2786181595
"247","ASA21_26",26,2023-02-11,"ASA21",735,3.18,"Feb",1.87,0.289,2023-02-11,3.79,0.45839572,1.94,0.032,0.601,0.323,0.731,37.6,4.73,0.798,22.7,1.17582001416667
"248","ASA22_26",26,2023-02-12,"ASA22",710,3.22,"Feb",1.22,0.307,2023-02-12,3.28,0.10344262,1.02,0.029,0.339,0.314,0.748,15.2,2.32,0.394,12.7,1.0654367285
"249","ASA23_26",26,2023-02-13,"ASA23",685,3.25,"Feb",1.46,0.324,2023-02-13,4.29,0.05082192,2.24,0.033,0.935,0.32,1.2,112,8.33,1.14,22.1,0.958284287866667
"250","ASA24_26",26,2023-02-14,"ASA24",661,3.29,"Feb",2.02,0.342,2023-02-14,3.72,0.03673267,1.32,0.026,0.508,0.268,0.918,31.8,3.11,0.523,16.4,0.910356215333333
